"Mutation (GRCh38)"	"Protein Position"	"Samples"	"Consequence"
"15:66436824:C>T"	"124"	"25"	"missense_variant"
"15:66435117:G>T"	"57"	"10"	"missense_variant"
"15:66481793:G>A"	"203"	"8"	"missense_variant"
"15:66436825:C>T"	"124"	"7"	"missense_variant"
"15:66435103:T>C"	"53"	"6"	"missense_variant"
"15:66436815:T>A"	"121"	"6"	"missense_variant"
"15:66435116:A>C"	"57"	"4"	"missense_variant"
"15:66435145:G>A"	"67"	"4"	"missense_variant"
"15:66436843:A>G"	"130"	"4"	"missense_variant"
"15:66435076:G>A"	"44"	"3"	"missense_variant"
"15:66435103:T>A"	"53"	"3"	"missense_variant"
"15:66435104:T>G"	"53"	"3"	"missense_variant"
"15:66435113:A>C"	"56"	"3"	"missense_variant"
"15:66435117:G>C"	"57"	"3"	"missense_variant"
"15:66436818:A>G"	"122"	"3"	"missense_variant"
"15:66490591:A>C"	"386"	"3"	"synonymous_variant"
"15:66435103:T>G"	"53"	"2"	"missense_variant"
"15:66435127:G>T"	"61"	"2"	"stop_gained"
"15:66435165:G>A"	"73"	"2"	"synonymous_variant"
"15:66436762:T>A"	"103"	"2"	"missense_variant"
"15:66436814:G>A"	"120"	"2"	"synonymous_variant"
"15:66436837:G>A"	"128"	"2"	"missense_variant"
"15:66436837:G>T"	"128"	"2"	"missense_variant"
"15:66436841:C>T"	"129"	"2"	"synonymous_variant"
"15:66443355:G>T"	"172"	"2"	"missense_variant"
"15:66481765:C>T"	"193"	"2"	"synonymous_variant"
"15:66481794:A>T"	"203"	"2"	"missense_variant"
"15:66481840:C>T"	"218"	"2"	"synonymous_variant"
"15:66484995:A>G"	"233"	"2"	"synonymous_variant"
"15:66485058:A>C"	"254"	"2"	"synonymous_variant"
"15:66485066:C>T"	"257"	"2"	"missense_variant"
"15:66487271:G>T"	"313"	"2"	"missense_variant"
"15:66490540:G>C"	"369"	"2"	"synonymous_variant"
"15:66387387:G>T"	"14"	"1"	"missense_variant"
"15:66387388:C>T"	"14"	"1"	"missense_variant"
"15:66435086:G>A"	"47"	"1"	"missense_variant"
"15:66435105:T>G"	"53"	"1"	"missense_variant"
"15:66435107:T>C"	"54"	"1"	"missense_variant"
"15:66435115:A>C"	"57"	"1"	"missense_variant"
"15:66435138:G>A"	"64"	"1"	"synonymous_variant"
"15:66435145:G>T"	"67"	"1"	"missense_variant"
"15:66435181:G>A"	"79"	"1"	"missense_variant"
"15:66435233:G>A"	"96"	"1"	"missense_variant"
"15:66436763:C>T"	"103"	"1"	"synonymous_variant"
"15:66436806:C>G"	"118"	"1"	"missense_variant"
"15:66436815:T>C"	"121"	"1"	"missense_variant"
"15:66436816:G>C"	"121"	"1"	"missense_variant"
"15:66436817:C>T"	"121"	"1"	"synonymous_variant"
"15:66436832:C>T"	"126"	"1"	"synonymous_variant"
"15:66436833:G>A"	"127"	"1"	"missense_variant"
"15:66436836:G>C"	"128"	"1"	"missense_variant"
"15:66436842:T>C"	"130"	"1"	"missense_variant"
"15:66436850:G>A"	"132"	"1"	"synonymous_variant"
"15:66436853:C>T"	"133"	"1"	"synonymous_variant"
"15:66436859:C>T"	"135"	"1"	"synonymous_variant"
"15:66436860:G>A"	"136"	"1"	"missense_variant"
"15:66443301:G>C"	"154"	"1"	"missense_variant"
"15:66444665:G>A"	"176"	"1"	"missense_variant"
"15:66444668:C>G"	"177"	"1"	"missense_variant"
"15:66444681:G>A"	"181"	"1"	"missense_variant"
"15:66444685:G>A"	"182"	"1"	"synonymous_variant"
"15:66481763:C>T"	"193"	"1"	"missense_variant"
"15:66481775:C>T"	"197"	"1"	"synonymous_variant"
"15:66481785:C>A"	"200"	"1"	"missense_variant"
"15:66481841:A>T"	"219"	"1"	"missense_variant"
"15:66481855:C>T"	"223"	"1"	"synonymous_variant"
"15:66481856:G>A"	"224"	"1"	"missense_variant"
"15:66481866:G>A"	"227"	"1"	"missense_variant"
"15:66481878:C>T"	"231"	"1"	"missense_variant"
"15:66481879:G>A"	"231"	"1"	"splice_region_variant"
"15:66485000:T>A"	"235"	"1"	"missense_variant"
"15:66485018:C>A"	"241"	"1"	"missense_variant"
"15:66485036:G>A"	"247"	"1"	"stop_gained"
"15:66485063:T>C"	"256"	"1"	"missense_variant"
"15:66485086:C>T"	"264"	"1"	"missense_variant"
"15:66485159:C>T"	"288"	"1"	"missense_variant"
"15:66485176:G>A"	"294"	"1"	"missense_variant"
"15:66485177:G>T"	"294"	"1"	"missense_variant"
"15:66487239:G>A"	"303"	"1"	"missense_variant"
"15:66487255:T>G"	"308"	"1"	"missense_variant"
"15:66489221:C>G"	"323"	"1"	"missense_variant"
"15:66489234:G>C"	"327"	"1"	"missense_variant"
"15:66489245:A>C"	"331"	"1"	"missense_variant"
"15:66489260:G>C"	"336"	"1"	"missense_variant"
"15:66489270:A>T"	"339"	"1"	"missense_variant"
"15:66489741:G>A"	"349"	"1"	"missense_variant"
"15:66489747:A>C"	"351"	"1"	"missense_variant"
"15:66489748:T>A"	"351"	"1"	"missense_variant"
"15:66490510:T>-"	"359"	"1"	"frameshift_variant"
"15:66490510:T>G"	"359"	"1"	"synonymous_variant"
"15:66490552:T>G"	"373"	"1"	"synonymous_variant"
"15:66490570:C>T"	"379"	"1"	"synonymous_variant"
"15:66490614:A>C"	"394"	"1"	"stop_lost"